project,records,first_date,last_date,latitude,longitude,location_notes
Blue Grass Pipeline,3472,1993-08-05,2024-09-16,,,
Kniowski thesis,1814,1993-08-05,2024-09-18,,,
Ohio Bats,1276,1993-08-03,2024-09-09,,,
Republic Wind Facility,914,1993-08-04,2024-08-12,,,
Crawford County Wind Farm,840,2000-07-26,2024-08-23,,,
CJAG bat inventory,527,2008-06-18,2024-08-09,,,
Seneca,526,2008-06-20,2024-08-12,,,
Long Prairie Wind Facility,450,1993-08-05,2024-08-09,,,
NASA ATF bat inventory,379,2008-06-18,2024-09-11,,,
Monroe Outlet,362,1993-08-05,2024-08-10,,,
Apex Emerson Creek,358,1993-08-04,2024-08-23,,,
Emerson West,309,2008-06-07,2024-08-09,,,
Utopia Pipeline,301,2007-07-17,2024-08-12,,,
Wright Patterson Airforce Base,299,2007-07-16,2024-08-12,,,
CJAG Bat Inventory,292,2000-07-28,2024-08-12,,,
Buckeye Wind,290,2008-06-16,2024-08-09,,,
KF Risburg Line,275,2007-07-16,2024-08-09,,,
Honeycreek,267,1993-08-07,2024-08-09,,,
Glacier Ridge Wind Facility,262,1993-08-03,2024-08-09,,,
Montra Hills Wind Project,218,2008-06-20,2024-08-09,,,
Harpster to Lima pipeline,185,1993-08-07,2024-08-07,,,
Invenergy Hardin County Wind Farm,181,2008-07-16,2024-08-03,,,
B-105,180,1993-08-05,2024-08-07,,,
Wright Patterson Air Force Base,163,2007-07-16,2024-08-23,,,
Access Midstream,163,2000-07-26,2024-08-23,,,
AEP Sunnyside to Carrolton,150,2008-06-20,2024-08-13,,,
AEP Buckley Road-Fremont Center,149,2008-07-08,2024-08-10,,,
HCW_FollowUp_MNS,145,2000-07-24,2024-07-31,,,
Rex-East Pipeline,140,2000-07-24,2024-07-26,,,
Lake Wells pipeline,128,2007-07-18,2024-08-11,,,
BUT-IR75-Millikin Road Interchange Project,126,2000-07-24,2024-08-07,,,
North Newark - Newark Center,124,2008-06-18,2024-06-22,,,
Hocking County Red Bat Project,122,2008-06-25,2024-08-13,,,
Newark Center - STR 95,113,1993-08-05,2024-08-09,,,
AEP Rouse - Bell Ridge,111,2007-07-16,2024-08-09,,,
Babcock_and_Brown_Wind,108,1993-08-05,2024-07-22,,,
Hardin County Wind Energy,108,2008-07-19,2024-07-25,,,
Germantown Metro Park,107,2000-07-30,2024-08-06,,,
Pearl Pipeline,99,2008-06-15,2024-06-21,,,
Ohio River Pipeline,94,2008-06-20,2024-08-06,,,
Klondike Pad,90,2008-07-07,2023-09-15,,,
AEP Recreation Year 3,90,2007-07-17,2024-08-07,,,
Jefferson County Projects,86,2008-07-08,2024-08-07,,,
Utopia,83,2000-07-31,2023-07-24,,,
OH Grover Hill Wind,71,2008-06-15,2024-06-21,,,
B-111,70,2008-07-07,2024-08-09,,,
Valley CHK,68,2008-08-18,2024-07-25,,,
Plum Brook Station,67,2008-06-20,2024-08-09,,,
Miller to Hoop,67,1993-08-04,2024-07-15,,,
AEP Circleville to Harrison,66,2008-06-20,2024-08-09,,,
AEP Macksburg to Devola,66,2008-07-23,2024-07-25,,,
Champaign County Wind Farm,66,2008-06-17,2024-08-03,,,
Bike & Hike Trail,63,2000-07-27,2024-07-18,,,
Lisbon W P1,62,2008-09-02,2024-07-16,,,
Marsha Gunder Schneider Preserve Inventory,62,2008-07-16,2023-09-24,,,
HAM WW to Glenwood Gardens,58,2008-06-20,2024-08-05,,,
Butler County Phase 2,55,2007-07-18,2024-06-22,,,
16-025,52,2008-06-22,2023-09-17,,,
Apex Fireland,52,2008-06-23,2024-07-15,,,
PEG-lyate Ohio,50,2008-07-22,2024-08-09,,,
R-501 Seamless,49,2008-08-18,2024-08-07,,,
Clear Creek Metro Park,49,1993-08-07,2024-06-20,,,
Access Midstream Services,48,2000-08-01,2024-08-07,,,
Highland County Roberts Tract,48,2000-07-25,2024-07-20,,,
K-270,48,2008-06-19,2024-08-11,,,
AEP Vigo-Pine Ridge,47,2000-07-25,2024-08-28,,,
Cadiz to Dump,46,2008-07-10,2024-06-23,,,
Cascade Valley,46,1993-08-03,2024-08-08,,,
Green Ohio Bat Survey,45,2008-08-12,2023-09-17,,,
Republic,45,2007-07-18,2024-08-08,,,
Odin Pipeline,45,2008-07-22,2024-08-06,,,
Glencoe-Highland Terrace,44,2008-07-22,2024-08-07,,,
Treat Rd. Geauga Lake,43,2008-06-27,2024-08-08,,,
CHK McGuire P3,42,2008-07-07,2023-07-15,,,
Utopia Pipeline Project,42,2008-06-24,2023-07-12,,,
AEP Boutwell to Lancer,42,2008-07-13,2024-08-05,,,
Strouds Run-Clark,41,2000-07-28,2022-08-13,,,
AEP Ross-Ginger,41,2008-07-16,2023-03-04,,,
Duke EEOO Pipeline,41,2000-07-26,2023-08-09,,,
Sunny Farms Landfill,40,2007-07-16,2023-04-03,,,
Kerruish Basin Restoration,38,1993-08-02,2023-07-26,,,
Hickory Nut Golf Course,38,2008-07-17,2024-06-13,,,
Cardon Marathon,38,2009-07-08,2024-06-21,,,
Acken Property,37,2009-06-05,2023-06-01,,,
Schooley Hollow,36,2008-07-07,2022-07-22,,,
P4 Intake and Return Shaft,36,2009-06-15,2024-08-07,,,
Fischer Lane,35,2008-06-18,2023-07-25,,,
Stoneco Portage Quarry Bat Survey,35,2008-07-17,2023-07-14,,,
Kensington,35,2008-07-17,2024-07-26,,,
AEP Ginger - Vigo,34,2007-07-16,2024-08-01,,,
22-005,34,2000-07-29,2024-08-28,,,
Harrison Road,33,2011-07-14,2023-07-12,,,
International Park,33,2000-07-28,2023-09-30,,,
Liberty Park,33,2008-08-05,2024-07-28,,,
Camp Ravenna 2016 Bat Inventory,32,2008-07-14,2023-10-01,,,
18-008 Meadow Ridge,31,2009-07-13,2024-07-26,,,
OH 16-022 Canyon Lakes,31,2008-06-07,2023-09-17,,,
Renaissance II (17-048),31,2008-06-07,2023-07-14,,,
Pro-Tech Facility Expansion Project,29,2008-07-21,2024-08-09,,,
Rockside and Crossview Roads,28,1993-08-06,2024-08-07,,,
AEP Lamping to Rouse,27,2009-07-02,2023-07-26,,,
EPRI-AEP Recreation Land,27,2008-06-20,2024-06-21,,,
Koberna Property - City of Hudson,27,1993-08-07,2024-07-26,,,
Silver Creek,27,2008-07-11,2024-07-26,,,
MarkWest - Hopedale,27,2009-06-17,2022-09-03,,,
Shaker Run Bat Survey,27,2009-08-25,2024-06-22,,,
Scioto Grove Metro Park,27,2008-07-18,2023-09-14,,,
Akron NSIT,27,2008-07-15,2024-06-06,,,
AEP Mt. Vernon to Howard,26,2008-07-17,2022-07-13,,,
AEP Pine Ridge-Heppner,26,2008-06-18,2023-09-17,,,
Timber Road IV,26,2008-07-22,2024-08-08,,,
Furnace Run,25,2008-08-18,2024-07-31,,,
Sweden Valley Pipeline,24,2008-07-20,2024-06-22,,,
SR538,24,2008-08-18,2023-07-26,,,
Schooley Hollow Surface Coal Project,23,2010-06-04,2023-09-03,,,
840 Yager to Azalea,23,2008-08-08,2022-08-06,,,
Redeye Phase I,23,2008-08-08,2023-06-22,,,
IRG Solon Development Project/BL Companies,23,2007-07-19,2023-08-03,,,
SR538 Pipe Replacement and SR424 Abandonment Project,21,2007-07-16,2023-08-03,,,
801 ETC AEP,21,2008-08-15,2022-06-27,,,
Dragonfly,20,2009-05-11,2022-07-26,,,
North Beech Corridor,20,2008-06-23,2023-09-14,,,
J Hall pipeline,20,2007-07-17,2022-09-03,,,
Marathon,19,2008-07-09,2023-07-11,,,
Orange Village,19,2009-06-05,2022-07-14,,,
AEP Heppner-Lick,19,2008-09-03,2023-03-04,,,
B&N Coal Rado Ridge,18,2009-06-05,2023-07-02,,,
APEX - Emerson Creek,18,1993-08-06,2023-07-26,,,
Bethel to Batavia Pipeline,18,2009-05-20,2023-07-31,,,
Macedonia Development,18,2008-07-22,2024-06-19,,,
Hog Creek Wind Farm,17,2008-08-12,2024-08-08,,,
West Bleeder,17,2008-06-18,2023-08-03,,,
NEORSD #1651,17,2007-07-18,2021-08-09,,,
Marietta Memorial Hospital (21-041),17,2008-06-21,2023-08-17,,,
TEAL,17,2008-07-24,2023-07-25,,,
BLUE CREEK,17,2008-08-20,2024-06-21,,,
Wolf Creek Bike Trail,17,2009-07-09,2023-07-25,,,
McCormick Rd,17,2010-05-19,2024-07-31,,,
Losh Landing,17,2007-07-23,2023-08-02,,,
TEAL (16-008),16,2008-07-17,2021-07-06,,,
Spitzer Northfield Site,16,2008-07-21,2024-08-07,,,
Drake and Ferguson Properties Development,16,2011-07-13,2022-07-20,,,
AEP Zuber Station,16,2009-06-17,2024-09-19,,,
Markley Rd,16,2008-07-24,2022-07-26,,,
Toledo Zoo Parking Lot Project,15,2008-07-22,2024-08-09,,,
McConnelsville Training Center,15,2008-08-12,2023-03-04,,,
AEP Dennison to Yeager,15,2009-06-12,2023-07-14,,,
CHK McGuire P1,15,2008-06-17,2022-08-11,,,
Clough Pike,15,2008-06-25,2019-07-11,,,
Holy Name (16-045),15,2011-07-17,2024-07-31,,,
Webber Road,15,2008-08-12,2022-08-01,,,
MPLX Dwayne,14,2008-06-20,2023-08-08,,,
AEP Ironwood Switch Rebuild Project,14,2010-06-25,2021-09-07,,,
AML Reclamation,14,2011-07-15,2023-10-01,,,
Bronson Pad,14,2008-07-11,2023-04-11,,,
Old Home Road,14,2008-07-10,2021-06-30,,,
Albany Park Northeast,14,2009-05-05,2023-07-22,,,
4 mile,14,2010-08-06,2022-07-25,,,
Lake County,14,2011-07-19,2024-09-05,,,
Timber Road II/III,14,2009-05-05,2024-07-31,,,
ODNR Turkey Ridge Reclamation,13,2008-06-19,2023-07-26,,,
Country Creek Estates,13,2010-07-29,2022-07-28,,,
Bethel to Batavia Pipeline Project,13,2008-08-05,2024-08-05,,,
Sikora,13,2011-07-19,2024-08-07,,,
Graham Road Bat Survey,13,2009-07-21,2023-07-24,,,
Darke County Wind Farm,13,2010-04-20,2021-07-26,,,
Hocking Hills Red Bat Project,13,2009-06-29,2023-07-11,,,
Signet Development,13,2011-07-15,2023-09-17,,,
MarkWest - Seneca,13,2008-07-10,2023-08-02,,,
Butler County Pipeline,12,2008-08-05,2022-07-26,,,
23-021,12,2010-07-13,2022-08-02,,,
Mill Creek Sewer Replacement,12,2011-07-29,2023-10-01,,,
CNX Switz 9 Well Pad,12,2011-07-17,2024-07-31,,,
Abram Creek Detention Basins,12,2009-06-26,2022-06-27,,,
McKibben to Kinsey project,12,2012-06-04,2023-07-15,,,
West Creek stabilization,12,2009-06-24,2022-09-03,,,
AEP Devola Station,11,2008-08-06,2022-09-03,,,
Portsmouth Gaseous Diffusion,11,2000-07-26,2024-06-23,,,
AEP Newcomerstown to Dennison,11,2008-06-20,2018-07-15,,,
CSXT Hardin County Bat Survey,11,2011-07-12,2021-06-01,,,
TGP Project 213-3,11,2008-08-18,2024-07-30,,,
Twinsburg,11,2011-07-13,2023-06-04,,,
Rumpke Landfill,11,2008-07-22,2022-07-20,,,
Smith,11,2009-06-17,2021-07-26,,,
Redeye Phase IIa,11,2007-07-19,2023-05-16,,,
Extension West,11,2012-06-20,2023-07-09,,,
Lordstown EMH&T,10,2008-07-17,2022-07-20,,,
Henrietta Homes,10,2009-06-05,2024-07-26,,,
Luyster,10,2008-07-11,2024-08-10,,,
RES,10,2008-09-04,2023-08-10,,,
Dublin-Granville Road,10,2009-06-26,2022-07-18,,,
Cuyahoga River Bank Stabilization at Railway in Brecksville 1553,10,2009-06-05,2024-08-12,,,
Piqua Site Mist-Net Survey,10,2009-06-18,2023-09-17,,,
Ten Broeck,10,2008-07-20,2021-09-11,,,
Northeast Ohio Regional Airport Bat Survey,10,2010-06-28,2023-07-24,,,
Thornville-Lancaster,10,2009-05-11,2024-07-25,,,
Hidden Lake (19-034),10,2008-08-20,2024-06-12,,,
Highland County Kennedy Tract,10,2013-07-16,2023-07-25,,,
Cedar Ridge Picnic Area,10,2010-08-06,2024-09-10,,,
OPEN Variance (16-050),10,2011-08-08,2022-09-10,,,
Darby Metro Park,10,2009-05-05,2021-07-26,,,
Bach Buxton Road,9,2013-06-16,2024-07-25,,,
Neuro Health & Wellness,9,2011-07-12,2023-09-30,,,
Terra Alta,9,2010-08-31,2023-08-05,,,
TR-87 REFUSE EXPANSION,9,2008-07-14,2024-08-08,,,
Aicholtz Rd Roundabout,9,2011-07-13,2023-03-04,,,
Battelle Darby Metro Park,9,2000-07-27,2022-07-21,,,
Brimfield Commons Develop.,9,2013-07-11,2024-06-23,,,
Adell Durbin Demo,9,2010-09-09,2023-04-11,,,
Goodyear Heights,9,2010-05-10,2024-06-20,,,
EMH&T Coffield Well,9,2009-07-20,2024-06-18,,,
US-23 Development,9,2008-07-17,2024-06-20,,,
16-027,9,2009-08-25,2022-08-07,,,
Forest Ridge,9,2008-06-25,2019-07-11,,,
Hawthorn of Aurora Phase VII,9,2008-07-24,2021-08-05,,,
Conesville - Cyclops,9,2008-08-06,2019-07-14,,,
Rumpke Eastern Expansion,8,2012-07-06,2023-07-12,,,
Harshaw Chemical,8,2011-07-29,2023-10-19,,,
O-400,8,2007-07-16,2023-06-12,,,
AEP Fredricktown Switch,8,2010-06-16,2022-06-08,,,
Mansfield,8,2008-07-08,2023-08-14,,,
Schramm Mine,8,2007-07-17,2023-07-13,,,
Crescent Mine,8,2009-06-12,2023-07-22,,,
Trailside Village,8,2011-07-21,2022-07-31,,,
V000a Pipeline Replacement,8,2013-06-19,2021-04-13,,,
Drees Homes - Batavia OH,8,2008-07-22,2024-07-25,,,
CZBG_Solar_Array,8,2009-05-21,2023-09-17,,,
AEP Parsons to Harrison,8,2012-06-14,2021-06-17,,,
16-030 Home Road,8,2009-06-18,2022-06-29,,,
Scioto Darby Creek Road,8,2008-08-22,2024-08-05,,,
Geneva landfill,8,2012-05-18,2024-06-13,,,
GLC Development,8,2008-07-07,2019-07-14,,,
Mill Creek Restoration at Hartwell Golf Course,8,2013-06-15,2023-06-10,,,
Chardon,8,2011-07-13,2022-09-03,,,
Walhonding-Warsaw,8,2009-07-09,2019-07-18,,,
Firestone Metro Park,8,2013-07-19,2024-06-21,,,
Portsmouth Gaseous Diffusion Plant D&D Project,8,2008-08-08,2022-09-02,,,
Wagler-BL Hidden Lake Dev,8,2008-08-22,2022-08-08,,,
Project ForGE,7,2008-07-17,2023-09-03,,,
Doan Brook Restoration,7,1993-08-05,2021-07-26,,,
COF Academy,7,2011-07-24,2022-07-21,,,
Renaissance Commons,7,2010-07-21,2022-08-01,,,
East Springfield Highwall,7,2009-05-05,2023-10-25,,,
SR413,7,2008-08-18,2024-08-07,,,
Perin Property,7,2011-07-14,2022-08-01,,,
AEP Ridgley Station,7,2009-07-21,2019-08-09,,,
Woodbury Highwall,7,2013-07-30,2023-07-22,,,
West Fork 3 Mine,7,2011-07-25,2017-06-20,,,
Guyeron Property,7,2009-07-09,2022-07-13,,,
ANG,7,2008-07-21,2022-08-14,,,
moreland commons,7,2008-09-03,2022-06-28,,,
North of Jug Bat Survey,7,2008-07-01,2024-08-08,,,
Clinton Towpath,7,2008-09-04,2022-06-24,,,
MPLX Gabriel,7,2011-07-28,2021-07-19,,,
Power Eight Solar,7,2011-08-03,2023-07-26,,,
Clark South to Friendly Ridge,7,2009-07-05,2023-09-30,,,
Riepenhoff - Royce,7,2013-07-14,2023-07-31,,,
Blendon Woods Metro Park,7,2008-06-20,2024-06-25,,,
Peter J Garfield Heights,7,2009-05-11,2024-08-09,,,
Refuse Area E,7,2009-06-29,2024-07-15,,,
Township Road 288 & 289 Highwall,7,2008-07-11,2023-07-21,,,
Concord Crossing East,7,2012-06-22,2022-07-15,,,
New Seasons,6,2009-06-30,2021-08-07,,,
Y & O Road,6,2011-07-16,2019-08-06,,,
Wellington,6,2008-07-13,2015-07-16,,,
Ohio Bat Blitz,6,2017-06-21,2023-08-08,,,
Ronald,6,2013-06-24,2021-08-04,,,
Perserve at Raccoon Creek,6,2008-08-21,2021-08-10,,,
AEP Dilles Bottom Line Rebuild,6,2009-05-20,2022-08-14,,,
Hawthorne Gate,6,2015-08-03,2023-07-26,,,
Shuler Road Reclamation,6,2013-06-16,2023-09-17,,,
AMG Vanadium Warehouse Project,6,2012-05-25,2022-09-08,,,
CTL Cell Town Site,6,2008-07-17,2023-07-26,,,
WNF 2024 fall swarming surveys,6,2011-07-14,2024-06-20,,,
RSC Facilities (Twinsburg),6,2009-08-25,2022-06-23,,,
Baldwin Creek stabilization,6,2013-07-15,2018-08-13,,,
Hopedale Hissem Pipeline,6,2010-05-19,2023-07-26,,,
Frontier Sandstone,6,2008-08-20,2019-07-14,,,
Kokosing - Hawkins Ave Waste Area,6,2013-06-19,2022-06-20,,,
Nimisila Creek,6,2013-08-09,2021-08-14,,,
East Fork 1 Schriver,6,2009-06-17,2017-07-11,,,
Redbird South Mine,6,2013-06-23,2022-07-19,,,
Scannell,6,2013-07-01,2024-06-21,,,
24-021,6,2008-06-07,2023-08-09,,,
Ravines at Meadow Ridge,6,2009-05-22,2022-07-23,,,
Dr. No Well Pad,6,2008-07-22,2023-06-03,,,
Productivity 5,6,2009-07-20,2022-06-25,,,
AEP Holloway Slip Repair Project,6,2010-05-19,2021-06-14,,,
Hazelwood Development Bat Survey,6,2009-07-18,2017-06-09,,,
Continental Upper Arlington,6,2011-07-13,2019-08-02,,,
Connie Jo,6,2011-07-26,2023-07-13,,,
AEP Kirk Station Expansion,6,2011-07-26,2022-07-20,,,
Peter's Cave,5,2011-07-20,2021-08-09,,,
OH 16-048 Derby Place,5,2012-07-31,2023-06-09,,,
Lorain RNG Bat Survey,5,2009-07-23,2016-07-20,,,
Strasburg Mine,5,2013-07-27,2022-07-28,,,
DiNovo-Poston Property Survey,5,2009-08-21,2023-09-17,,,
Brukner Nature Center,5,2013-06-24,2024-08-10,,,
Lily's Gated Community,5,2015-07-19,2023-08-02,,,
Olde Park Development,5,2016-07-21,2022-08-20,,,
Westchester Townhomes,5,2007-07-19,2023-09-13,,,
Fleagane Summit Midstream,5,2008-07-22,2021-08-07,,,
Heritage Stiles,5,2009-06-05,2022-09-09,,,
Hull Stream Restoration,5,2011-07-13,2024-08-07,,,
Praire Oaks Metro Park,5,2012-07-06,2023-08-08,,,
24-054,5,2009-07-10,2017-06-07,,,
Big Creek stabilization,5,2012-08-01,2023-07-24,,,
IRG Toledo,5,2008-09-02,2022-09-09,,,
ANG CP,4,2008-06-20,2023-08-02,,,
D-1163 IBR,4,2009-08-25,2022-08-19,,,
AEP Trimble Line Extension,4,2011-07-21,2021-08-10,,,
SR170 Highwall,4,2014-07-22,2021-08-03,,,
Village Square Apartments,4,2009-06-05,2022-07-12,,,
Bruestle Avenue Pump Station,4,2000-07-28,2022-07-25,,,
Battelle Darby,4,2011-07-16,2019-06-19,,,
Old Dominion Freight Line,4,2013-07-11,2018-06-16,,,
Midland Property,4,2010-09-01,2022-06-27,,,
AEP Stroud's Run,4,2010-09-09,2019-08-10,,,
AEP Lakin - Racine,4,2013-06-19,2017-07-20,,,
CHK Crawford,4,2011-07-14,2023-07-25,,,
Valenka-2 Well Pad,4,2010-08-18,2021-08-09,,,
Johnson Run Mine,4,2009-07-08,2023-07-15,,,
Martin Marietta Materials Fairfield Plant Expansion,4,2009-08-03,2021-09-11,,,
Clinton Conservation Area (North Area),4,2013-07-14,2021-07-10,,,
WNF 2023 fall swarming surveys,4,2008-07-22,2018-08-09,,,
Buckingham Surface Mine,4,2012-07-11,2022-08-19,,,
P3 Air Shaft,4,2009-06-12,2023-03-04,,,
Cream Ridge Highwall,4,2010-06-15,2023-07-31,,,
AEP Lamping Station,4,2016-07-20,2021-07-27,,,
Homegoods Inc. Distribution Center Development Bat Surrvey,4,2008-06-29,2016-08-01,,,
AEP Anguin-Babbitt,4,2013-06-17,2021-07-06,,,
Apex landfill,4,2009-09-22,2011-07-22,,,
Darby Dan,4,2011-07-24,2024-06-20,,,
Baldwin Creek Bank Stabilization (NEORSD),4,2013-07-17,2022-07-13,,,
Coyote Run,4,2010-05-19,2019-08-06,,,
Savannah Ridge-Redwood,4,2013-08-14,2023-07-11,,,
Butler County Phase 4,4,2011-07-21,2022-08-19,,,
Sand Run (Big Bend Area),4,2009-06-15,2021-06-12,,,
Spruce (aka Walnut) Commons,4,2009-05-11,2018-07-17,,,
NLS Razor,4,2011-07-24,2015-08-08,,,
The Greenery Bat Survey,4,2008-08-15,2022-07-19,,,
Raley Road,4,2008-07-11,2014-08-05,,,
Boyd Reclamation,4,2008-07-22,2022-08-13,,,
Redwood Batavia,3,2010-04-21,2012-05-26,,,
AEP Rutland Station,3,2008-06-16,2016-07-10,,,
Cannon Reserve Mine,3,2011-07-25,2013-07-14,,,
Jessie Owens State Park,3,2012-07-03,2021-03-28,,,
Shadow Hawk,3,2011-07-20,2017-07-23,,,
23-003,3,2009-07-08,2023-03-03,,,
AEP Blizzard Road,3,2013-06-24,2023-07-11,,,
Bellbrook#1 to Kensey Pipeline Relocation-Section 6,3,2008-06-07,2014-07-24,,,
Archie,3,2013-07-14,2022-07-23,,,
Tarplay,3,2010-05-19,2013-07-12,,,
PG Lima Tree Clearing,3,2011-07-16,2021-06-28,,,
Settlers Grove,3,2011-07-21,2018-06-20,,,
Northstar Mist Net Survey,3,2013-08-06,2024-06-21,,,
Clayton Single Family,3,2010-06-25,2022-07-20,,,
Terradon Bat Survey,3,2013-06-15,2022-05-10,,,
Wadsworth City Schools,3,2014-06-03,2019-08-14,,,
Bowmore Property Inventory,3,2013-07-10,2021-08-01,,,
Price Farm,3,2008-08-12,2022-07-20,,,
Beech Brook Development,3,2010-08-18,2019-07-31,,,
Plum Creek Greenway,3,2010-09-03,2022-07-27,,,
Home Road,3,2008-06-22,2017-06-12,,,
Ohio River Pipeline project,3,2018-06-27,2022-09-09,,,
Palmieri,3,2015-08-01,2022-07-20,,,
Hawthorn of Aurora Phase VI,3,2010-09-09,2019-07-13,,,
Grace's Place,3,2013-08-08,2022-07-23,,,
Zorin Well Pad,3,2011-07-16,2022-06-21,,,
Johnstown Bat Survey,3,2013-07-29,2023-03-04,,,
SR158/Outville Rd,3,2009-07-08,2021-07-29,,,
Spring Hill,3,2009-07-14,2017-07-11,,,
Loves Edon Survey,3,2013-06-25,2019-06-21,,,
Meadows of Mill Creek housing development,3,2008-08-13,2017-06-23,,,
Cuyahoga River Bank Stabilization at Railway in Independence 1554,3,2008-08-26,2022-07-18,,,
Peace Valley Road Highwall,3,2013-06-23,2016-07-23,,,
Store A-492,3,2012-07-24,2021-08-12,,,
Boardman Enterprise Project (21-029),2,2011-07-24,2017-06-12,,,
AT&T Cell Tower SOH3440,2,2016-07-06,2017-07-01,,,
Springer Woods,2,2008-08-06,2010-08-18,,,
Orange South,2,2013-06-19,2013-08-06,,,
Stone Casto Devel,2,2015-06-22,2015-07-01,,,
Brunswick Fire Station,2,2014-06-19,2022-07-26,,,
WODA Old Harbor,2,2012-07-11,2021-08-12,,,
Viking Commerce,2,2013-07-17,2019-07-11,,,
I Promise Housing Project (21-016),2,2012-05-18,2017-06-20,,,
North Star,2,2013-08-11,2015-07-16,,,
AEP Solida Switch,2,2014-07-29,2016-07-17,,,
Brent Creek Woods,2,2018-06-11,2019-08-10,,,
Pepper Luce Creek rehab,2,2017-07-02,2022-07-20,,,
Century Mine,2,2018-08-13,2024-08-09,,,
Fairlawn Corporate Park (19-054),2,2014-06-03,2016-07-10,,,
Buell Substation,2,2011-07-15,2016-07-27,,,
Mason Grand Development,2,2022-07-13,2023-06-14,,,
OSU Soccer Fields,2,2010-06-16,2013-08-11,,,
Duke Line A000b,2,2016-07-31,2021-07-27,,,
Hazelwood Development,2,2011-07-26,2016-07-22,,,
Fedeli Lane,2,2013-07-15,2023-07-31,,,
View Road Bat Surveys,2,2010-07-26,2018-06-25,,,
Baldwin Creek Culvert,2,2013-07-19,2024-08-01,,,
Buckingham Mine Survey,2,2013-07-16,2023-07-12,,,
Athens-Hockling Landfill Cell Construction Project,2,2013-07-02,2021-07-22,,,
Freedom Trail,2,2011-07-15,2022-07-10,,,
Redeye Phase I & II,2,2018-08-13,2021-06-14,,,
Torma Road,2,2008-06-07,2021-04-09,,,
West Creek Veterans Basin,2,2012-08-01,2013-07-20,,,
Upper Ridgewood basin,2,2012-07-05,2022-06-13,,,
EMHT_Denison,2,2016-08-10,2022-06-20,,,
Neider-Hazel Run Access Road,2,2013-06-24,2021-05-17,,,
AEP Yager to Desert Road,2,2013-07-15,2016-07-10,,,
Butler County Phase 3,2,2013-07-11,2013-07-20,,,
Duke Great Miami River Pipeline Retirement,2,2011-07-21,2019-07-11,,,
Bailey Edgebrook,2,2010-06-16,2011-08-15,,,
New Liberty-Oilers,2,2011-08-12,2016-07-28,,,
Project X,2,2013-06-22,2021-08-10,,,
Little Darby Metro Park,2,2016-07-17,2021-06-17,,,
AEP Somerset Station,2,2011-07-12,2024-08-05,,,
CHK Woodland,2,2013-07-12,2014-08-03,,,
Woodhill,2,2022-06-24,2022-09-03,,,
Old Mill Road,2,2010-07-21,2022-09-10,,,
Dale Yoder PL Portal Survey,2,2012-06-29,2014-08-09,,,
"GDLS, Joint Mfg. Center",2,2014-06-04,2016-07-22,,,
Hampton Hills (Main Area),2,2012-05-26,2016-07-19,,,
One Church,1,2021-08-04,2021-08-04,,,
Brunkner Nature Center,1,2024-06-21,2024-06-21,,,
TOSOH,1,2013-06-24,2013-06-24,,,
Gertsma,1,2014-08-04,2014-08-04,,,
Williams,1,2024-08-06,2024-08-06,,,
Cincy Zoo Bat Project,1,2021-08-05,2021-08-05,,,
Trileaf Telecom Site - 18-043,1,2012-07-30,2012-07-30,,,
Visconsi,1,2016-07-14,2016-07-14,,,
Casacade Valley,1,2013-07-15,2013-07-15,,,
24-028,1,2016-07-10,2016-07-10,,,
The Reserve at Pine Valley,1,2008-07-09,2008-07-09,,,
Morelli N Reroute,1,2008-07-10,2008-07-10,,,
22-043,1,2022-06-20,2022-06-20,,,
The Wilds,1,2018-06-25,2018-06-25,,,
24-059,1,2013-06-22,2013-06-22,,,
Camp Hilaka,1,2011-08-12,2011-08-12,,,
Sunday Creek Coal Company (19-079),1,2014-08-09,2014-08-09,,,
Blue Creek,1,2017-06-08,2017-06-08,,,
Timber Road II,1,2018-06-09,2018-06-09,,,
